{"cameraMode":{"drawMode":0,"name":"Shaded","section":"Shading Mode"},"sceneLighting":false,"audioPlay":false,"sceneViewState":{"showFog":false,"showMaterialUpdate":false,"showSkybox":false,"showFlares":false,"showImageEffects":false,"showParticleSystems":false},"in2DMode":false,"pivot":{"x":2.680000066757202,"y":4.110000133514404,"z":-10.0},"rotation":{"x":0.14967752993106843,"y":0.19405587017536164,"z":-0.030350543558597566,"w":0.9691210389137268},"size":1.8006012439727784,"orthographic":false}