{"cameraMode":{"drawMode":0,"name":"Shaded","section":"Shading Mode"},"sceneLighting":true,"audioPlay":false,"sceneViewState":{"showFog":false,"showMaterialUpdate":false,"showSkybox":true,"showFlares":false,"showImageEffects":false,"showParticleSystems":false},"in2DMode":false,"pivot":{"x":-4.0400285720825199,"y":2.2250754833221437,"z":-4.855007171630859},"rotation":{"x":0.060234516859054568,"y":-0.0392436683177948,"z":0.002235742984339595,"w":0.9974666237831116},"size":0.7762086987495422,"orthographic":false}