{"cameraMode":{"drawMode":0,"name":"Shaded","section":"Shading Mode"},"sceneLighting":false,"audioPlay":false,"sceneViewState":{"showFog":false,"showMaterialUpdate":false,"showSkybox":false,"showFlares":false,"showImageEffects":false,"showParticleSystems":false},"in2DMode":false,"pivot":{"x":7.229999542236328,"y":0.7170000076293945,"z":3.4200000762939455},"rotation":{"x":-0.1719609498977661,"y":0.0038838754408061506,"z":-0.00047837913734838367,"w":-0.9851605892181397},"size":2.1709635257720949,"orthographic":false}