{"cameraMode":{"drawMode":0,"name":"Shaded","section":"Shading Mode"},"sceneLighting":true,"audioPlay":false,"sceneViewState":{"showFog":false,"showMaterialUpdate":false,"showSkybox":true,"showFlares":false,"showImageEffects":false,"showParticleSystems":false},"in2DMode":false,"pivot":{"x":-0.11995887756347656,"y":-0.7485980987548828,"z":-9.387638092041016},"rotation":{"x":-0.20566022396087647,"y":-0.04456894099712372,"z":0.009159146808087826,"w":-0.9777618646621704},"size":10.0,"orthographic":false}