{"cameraMode":{"drawMode":0,"name":"Shaded","section":"Shading Mode"},"sceneLighting":false,"audioPlay":false,"sceneViewState":{"showFog":false,"showMaterialUpdate":false,"showSkybox":false,"showFlares":false,"showImageEffects":false,"showParticleSystems":false},"in2DMode":false,"pivot":{"x":-0.04432559013366699,"y":0.014999866485595703,"z":-0.12558603286743165},"rotation":{"x":0.0035907586570829155,"y":-0.9650020003318787,"z":0.0117800896987319,"w":0.2623755633831024},"size":3.5192461013793947,"orthographic":false}