{"cameraMode":{"drawMode":0,"name":"Shaded","section":"Shading Mode"},"sceneLighting":false,"audioPlay":false,"sceneViewState":{"m_AlwaysRefresh":false,"showFog":false,"showSkybox":false,"showFlares":false,"showImageEffects":false,"showParticleSystems":false,"showVisualEffectGraphs":true,"m_FxEnabled":true},"in2DMode":false,"pivot":{"x":7.229999542236328,"y":0.7170000076293945,"z":3.4200000762939455},"rotation":{"x":-0.21600645780563355,"y":-0.03845871612429619,"z":0.0076001351699233059,"w":-0.9758434891700745},"size":2.1709635257720949,"orthographic":false}