{"cameraMode":{"drawMode":0,"name":"Shaded","section":"Shading Mode"},"sceneLighting":false,"audioPlay":false,"sceneViewState":{"showFog":true,"showMaterialUpdate":false,"showSkybox":false,"showFlares":true,"showImageEffects":true,"showParticleSystems":true,"showVisualEffectGraphs":true,"m_FxEnabled":true},"in2DMode":false,"pivot":{"x":-11.168357849121094,"y":0.8449926972389221,"z":0.8834298849105835},"rotation":{"x":-0.389254093170166,"y":0.013316277414560318,"z":-0.005493090022355318,"w":-0.9209226369857788},"size":1.0968191623687745,"orthographic":false}