{"cameraMode":{"drawMode":0,"name":"Shaded","section":"Shading Mode"},"sceneLighting":true,"audioPlay":false,"sceneViewState":{"showFog":false,"showMaterialUpdate":false,"showSkybox":true,"showFlares":false,"showImageEffects":false,"showParticleSystems":false},"in2DMode":false,"pivot":{"x":-4.317489147186279,"y":-0.8417229652404785,"z":-0.2360020875930786},"rotation":{"x":0.07576113194227219,"y":-0.7873075604438782,"z":0.09877730160951615,"w":0.603864848613739},"size":5.107395172119141,"orthographic":false}