{"cameraMode":{"drawMode":0,"name":"Shaded","section":"Shading Mode"},"sceneLighting":false,"audioPlay":false,"sceneViewState":{"showFog":true,"showMaterialUpdate":false,"showSkybox":false,"showFlares":true,"showImageEffects":true,"showParticleSystems":true,"showVisualEffectGraphs":true,"m_FxEnabled":true},"in2DMode":false,"pivot":{"x":-7.541788578033447,"y":0.8449936509132385,"z":2.9604685306549074},"rotation":{"x":-0.08628304302692414,"y":-0.006557627115398645,"z":0.0006974127027206123,"w":-0.9961641430854797},"size":1.0968189239501954,"orthographic":false}