{"cameraMode":{"drawMode":0,"name":"Shaded","section":"Shading Mode"},"sceneLighting":true,"audioPlay":false,"sceneViewState":{"m_AlwaysRefresh":false,"showFog":true,"showSkybox":true,"showFlares":true,"showImageEffects":true,"showParticleSystems":true,"showVisualEffectGraphs":true,"m_FxEnabled":true},"in2DMode":false,"pivot":{"x":-102.45558166503906,"y":13.528239250183106,"z":-37.555389404296878},"rotation":{"x":-0.2510802149772644,"y":-0.015124890021979809,"z":0.003788912668824196,"w":-0.9678995013237},"size":0.8660253882408142,"orthographic":false}