{"cameraMode":{"drawMode":0,"name":"Shaded","section":"Shading Mode"},"sceneLighting":false,"audioPlay":false,"sceneViewState":{"showFog":true,"showMaterialUpdate":false,"showSkybox":false,"showFlares":true,"showImageEffects":true,"showParticleSystems":true,"showVisualEffectGraphs":true,"m_FxEnabled":true},"in2DMode":false,"pivot":{"x":4.821138381958008,"y":2.8545258045196535,"z":-2.1316967010498049},"rotation":{"x":0.13101518154144288,"y":0.002974223578348756,"z":-0.0003926414647139609,"w":0.9913437366485596},"size":4.127298355102539,"orthographic":false}