{"cameraMode":{"drawMode":0,"name":"Shaded","section":"Shading Mode"},"sceneLighting":false,"audioPlay":false,"sceneViewState":{"m_AlwaysRefresh":false,"showFog":false,"showSkybox":false,"showFlares":false,"showImageEffects":false,"showParticleSystems":false,"showVisualEffectGraphs":true,"m_FxEnabled":true},"in2DMode":false,"pivot":{"x":2.680000066757202,"y":1.4250001907348633,"z":-9.994089126586914},"rotation":{"x":-0.21600645780563355,"y":-0.03845871612429619,"z":0.0076001351699233059,"w":-0.9758434891700745},"size":3.4625937938690187,"orthographic":false}