{"cameraMode":{"drawMode":0,"name":"Shaded","section":"Shading Mode"},"sceneLighting":false,"audioPlay":false,"sceneViewState":{"m_AlwaysRefresh":false,"showFog":false,"showSkybox":false,"showFlares":false,"showImageEffects":false,"showParticleSystems":false,"showVisualEffectGraphs":true,"m_FxEnabled":true},"in2DMode":false,"pivot":{"x":-0.04432559013366699,"y":0.014999866485595703,"z":-0.12558603286743165},"rotation":{"x":-0.21600645780563355,"y":-0.03845871612429619,"z":0.0076001351699233059,"w":-0.9758434891700745},"size":3.5192461013793947,"orthographic":false}