{"cameraMode":{"drawMode":0,"name":"Shaded","section":"Shading Mode"},"sceneLighting":false,"audioPlay":false,"sceneViewState":{"showFog":true,"showMaterialUpdate":false,"showSkybox":false,"showFlares":true,"showImageEffects":true,"showParticleSystems":true,"showVisualEffectGraphs":true,"m_FxEnabled":true},"in2DMode":false,"pivot":{"x":-7.541788578033447,"y":0.8449936509132385,"z":2.9604685306549074},"rotation":{"x":-0.16006417572498322,"y":-0.08632232248783112,"z":0.014156447723507882,"w":-0.9831502437591553},"size":1.0968189239501954,"orthographic":false}