{"cameraMode":{"drawMode":0,"name":"Shaded","section":"Shading Mode"},"sceneLighting":true,"audioPlay":false,"sceneViewState":{"showFog":false,"showMaterialUpdate":false,"showSkybox":true,"showFlares":false,"showImageEffects":false,"showParticleSystems":false},"in2DMode":false,"pivot":{"x":-1.0053014755249024,"y":0.06622016429901123,"z":3.147573947906494},"rotation":{"x":0.1262769103050232,"y":0.20089468359947205,"z":-0.02611946128308773,"w":0.971093475818634},"size":3.1134588718414308,"orthographic":false}