{"cameraMode":{"drawMode":0,"name":"Shaded","section":"Shading Mode"},"sceneLighting":true,"audioPlay":false,"sceneViewState":{"showFog":true,"showMaterialUpdate":false,"showSkybox":true,"showFlares":true,"showImageEffects":true,"showParticleSystems":true,"showVisualEffectGraphs":true,"m_FxEnabled":true},"in2DMode":false,"pivot":{"x":3.6144988536834719,"y":-24.61313819885254,"z":28.365816116333009},"rotation":{"x":0.47578778862953188,"y":0.010554630309343338,"z":-0.00570984510704875,"w":0.8794795870780945},"size":17.673582077026368,"orthographic":false}