{"cameraMode":{"drawMode":0,"name":"Shaded","section":"Shading Mode"},"sceneLighting":true,"audioPlay":false,"sceneViewState":{"showFog":true,"showMaterialUpdate":false,"showSkybox":true,"showFlares":true,"showImageEffects":true,"showParticleSystems":true,"showVisualEffectGraphs":true,"m_FxEnabled":true},"in2DMode":false,"pivot":{"x":-18.979480743408204,"y":26.67741584777832,"z":-11.652474403381348},"rotation":{"x":-0.40939024090766909,"y":0.00876439269632101,"z":-0.003912803251296282,"w":-0.9122960567474365},"size":6.194237232208252,"orthographic":false}