{"cameraMode":{"drawMode":0,"name":"Shaded","section":"Shading Mode"},"sceneLighting":true,"audioPlay":false,"sceneViewState":{"showFog":true,"showMaterialUpdate":false,"showSkybox":true,"showFlares":true,"showImageEffects":true,"showParticleSystems":true,"showVisualEffectGraphs":true,"m_FxEnabled":true},"in2DMode":false,"pivot":{"x":-14.800270080566407,"y":34.28815460205078,"z":-28.898765563964845},"rotation":{"x":-0.4836678206920624,"y":0.0035113024059683086,"z":-0.0017246196512132884,"w":-0.8751245737075806},"size":4.127298355102539,"orthographic":false}