{"cameraMode":{"drawMode":0,"name":"Shaded","section":"Shading Mode"},"sceneLighting":true,"audioPlay":false,"sceneViewState":{"showFog":true,"showMaterialUpdate":false,"showSkybox":true,"showFlares":true,"showImageEffects":true,"showParticleSystems":true,"showVisualEffectGraphs":true,"m_FxEnabled":true},"in2DMode":false,"pivot":{"x":-2.1962509155273439,"y":14.374639511108399,"z":-27.584583282470704},"rotation":{"x":0.28631436824798586,"y":-0.008623214438557625,"z":0.0025750105269253256,"w":0.9580666422843933},"size":1.1099387407302857,"orthographic":false}