{"cameraMode":{"drawMode":0,"name":"Shaded","section":"Shading Mode"},"sceneLighting":true,"audioPlay":false,"sceneViewState":{"showFog":true,"showMaterialUpdate":false,"showSkybox":true,"showFlares":true,"showImageEffects":true,"showParticleSystems":true,"showVisualEffectGraphs":true,"m_FxEnabled":true},"in2DMode":false,"pivot":{"x":-2.117387533187866,"y":9.638121604919434,"z":-13.413307189941407},"rotation":{"x":-0.22304867208003999,"y":0.08848433941602707,"z":-0.020264368504285814,"w":-0.9704975485801697},"size":0.7071070075035095,"orthographic":false}