{"cameraMode":{"drawMode":0,"name":"Shaded","section":"Shading Mode"},"sceneLighting":true,"audioPlay":false,"sceneViewState":{"showFog":false,"showMaterialUpdate":false,"showSkybox":true,"showFlares":false,"showImageEffects":false,"showParticleSystems":false},"in2DMode":false,"pivot":{"x":-556.0203857421875,"y":21.767391204833986,"z":-31.28778648376465},"rotation":{"x":-0.21600645780563355,"y":-0.03845871612429619,"z":0.0076001351699233059,"w":-0.9758434891700745},"size":11.351922035217286,"orthographic":false}