{"cameraMode":{"drawMode":0,"name":"Shaded","section":"Shading Mode"},"sceneLighting":true,"audioPlay":false,"sceneViewState":{"showFog":false,"showMaterialUpdate":false,"showSkybox":true,"showFlares":false,"showImageEffects":false,"showParticleSystems":false},"in2DMode":false,"pivot":{"x":5.410646438598633,"y":1.9102096557617188,"z":9.085094451904297},"rotation":{"x":0.04209703952074051,"y":0.08798004686832428,"z":-0.004163266625255346,"w":0.9953298568725586},"size":13.36003303527832,"orthographic":false}