{"cameraMode":{"drawMode":0,"name":"Shaded","section":"Shading Mode"},"sceneLighting":true,"audioPlay":false,"sceneViewState":{"showFog":false,"showMaterialUpdate":false,"showSkybox":true,"showFlares":false,"showImageEffects":false,"showParticleSystems":false},"in2DMode":false,"pivot":{"x":-1.0411087274551392,"y":1.4169435501098633,"z":-12.249712944030762},"rotation":{"x":-0.32862696051597597,"y":-0.00011511689081089571,"z":0.0005029239691793919,"w":-0.9445899724960327},"size":8.7098388671875,"orthographic":false}