{"cameraMode":{"drawMode":0,"name":"Shaded","section":"Shading Mode"},"sceneLighting":true,"audioPlay":false,"sceneViewState":{"showFog":false,"showMaterialUpdate":false,"showSkybox":true,"showFlares":false,"showImageEffects":false,"showParticleSystems":false},"in2DMode":false,"pivot":{"x":-8.946541786193848,"y":2.7649195194244386,"z":-25.78135108947754},"rotation":{"x":0.23737594485282899,"y":0.22024039924144746,"z":-0.05582105740904808,"w":0.9445822834968567},"size":6.0073957443237309,"orthographic":false}