{"cameraMode":{"drawMode":0,"name":"Shaded","section":"Shading Mode"},"sceneLighting":false,"audioPlay":false,"sceneViewState":{"showFog":false,"showMaterialUpdate":false,"showSkybox":false,"showFlares":false,"showImageEffects":false,"showParticleSystems":false},"in2DMode":false,"pivot":{"x":4.208245277404785,"y":-0.6254538893699646,"z":-5.104886054992676},"rotation":{"x":0.14967752993106843,"y":0.19405587017536164,"z":-0.030350543558597566,"w":0.9691210389137268},"size":5.267507553100586,"orthographic":false}