{"cameraMode":{"drawMode":0,"name":"Shaded","section":"Shading Mode"},"sceneLighting":true,"audioPlay":false,"sceneViewState":{"showFog":false,"showMaterialUpdate":false,"showSkybox":true,"showFlares":false,"showImageEffects":false,"showParticleSystems":false},"in2DMode":false,"pivot":{"x":-1.1969050168991089,"y":7.190067768096924,"z":-7.679775238037109},"rotation":{"x":-0.1719609498977661,"y":0.0038838754408061506,"z":-0.00047837913734838367,"w":-0.9851605892181397},"size":10.996792793273926,"orthographic":false}