{"cameraMode":{"drawMode":0,"name":"Shaded","section":"Shading Mode"},"sceneLighting":false,"audioPlay":false,"sceneViewState":{"showFog":false,"showMaterialUpdate":false,"showSkybox":false,"showFlares":false,"showImageEffects":false,"showParticleSystems":false},"in2DMode":false,"pivot":{"x":0.304292768239975,"y":-0.7470802664756775,"z":-0.14676237106323243},"rotation":{"x":0.14975173771381379,"y":-0.0032977480441331865,"z":0.0003646234981715679,"w":0.9887751936912537},"size":2.1247448921203615,"orthographic":false}