{"cameraMode":{"drawMode":0,"name":"Shaded","section":"Shading Mode"},"sceneLighting":true,"audioPlay":false,"sceneViewState":{"showFog":false,"showMaterialUpdate":false,"showSkybox":true,"showFlares":false,"showImageEffects":false,"showParticleSystems":false},"in2DMode":false,"pivot":{"x":24.57685661315918,"y":-10.506136894226075,"z":65.06622314453125},"rotation":{"x":0.07286712527275086,"y":0.14870284497737885,"z":-0.011376171372830868,"w":0.9862165451049805},"size":42.89085388183594,"orthographic":false}