{"cameraMode":{"drawMode":0,"name":"Shaded","section":"Shading Mode"},"sceneLighting":true,"audioPlay":false,"sceneViewState":{"showFog":false,"showMaterialUpdate":false,"showSkybox":true,"showFlares":false,"showImageEffects":false,"showParticleSystems":false},"in2DMode":false,"pivot":{"x":4.642632961273193,"y":1.0588548183441163,"z":-10.46534252166748},"rotation":{"x":-0.32862696051597597,"y":-0.00011511689081089571,"z":0.0005029239691793919,"w":-0.9445899724960327},"size":3.463085174560547,"orthographic":false}