{"cameraMode":{"drawMode":0,"name":"Shaded","section":"Shading Mode"},"sceneLighting":false,"audioPlay":false,"sceneViewState":{"showFog":false,"showMaterialUpdate":false,"showSkybox":false,"showFlares":false,"showImageEffects":false,"showParticleSystems":false},"in2DMode":false,"pivot":{"x":-75.83395385742188,"y":13.624414443969727,"z":-53.446041107177737},"rotation":{"x":0.07820221781730652,"y":0.02507573924958706,"z":-0.0023338787723332645,"w":0.9967072010040283},"size":4.199752330780029,"orthographic":false}