{"cameraMode":{"drawMode":0,"name":"Shaded","section":"Shading Mode"},"sceneLighting":true,"audioPlay":false,"sceneViewState":{"showFog":false,"showMaterialUpdate":false,"showSkybox":true,"showFlares":false,"showImageEffects":false,"showParticleSystems":false},"in2DMode":false,"pivot":{"x":-0.5550623536109924,"y":8.076732635498047,"z":-8.145756721496582},"rotation":{"x":-0.21163305640220643,"y":-0.02544713392853737,"z":0.005760106723755598,"w":-0.9770770072937012},"size":4.807394981384277,"orthographic":false}