{"cameraMode":{"drawMode":0,"name":"Shaded","section":"Shading Mode"},"sceneLighting":true,"audioPlay":false,"sceneViewState":{"showFog":false,"showMaterialUpdate":false,"showSkybox":true,"showFlares":false,"showImageEffects":false,"showParticleSystems":false},"in2DMode":false,"pivot":{"x":-1.3550326824188233,"y":1.810469150543213,"z":-12.80488395690918},"rotation":{"x":0.28125864267349245,"y":0.1683012843132019,"z":-0.05074160173535347,"w":0.9435082674026489},"size":3.167506694793701,"orthographic":false}