{"cameraMode":{"drawMode":0,"name":"Shaded","section":"Shading Mode"},"sceneLighting":false,"audioPlay":false,"sceneViewState":{"showFog":false,"showMaterialUpdate":false,"showSkybox":false,"showFlares":false,"showImageEffects":false,"showParticleSystems":false},"in2DMode":false,"pivot":{"x":0.0,"y":1.8376832008361817,"z":3.147219181060791},"rotation":{"x":-0.21163305640220643,"y":-0.02544713392853737,"z":0.005760106723755598,"w":-0.9770770072937012},"size":12.459793090820313,"orthographic":false}