{"cameraMode":{"drawMode":0,"name":"Shaded","section":"Shading Mode"},"sceneLighting":true,"audioPlay":false,"sceneViewState":{"showFog":false,"showMaterialUpdate":false,"showSkybox":true,"showFlares":false,"showImageEffects":false,"showParticleSystems":false},"in2DMode":false,"pivot":{"x":1.8198256492614747,"y":-0.6054757237434387,"z":-12.418986320495606},"rotation":{"x":0.13665588200092317,"y":0.4857019782066345,"z":-0.07763782888650894,"w":0.859984815120697},"size":2.4418230056762697,"orthographic":false}