{"cameraMode":{"drawMode":0,"name":"Shaded","section":"Shading Mode"},"sceneLighting":false,"audioPlay":false,"sceneViewState":{"showFog":false,"showMaterialUpdate":false,"showSkybox":false,"showFlares":false,"showImageEffects":false,"showParticleSystems":false},"in2DMode":false,"pivot":{"x":-2.0676703453063967,"y":0.7211543321609497,"z":-5.994139194488525},"rotation":{"x":-0.12119607627391815,"y":-0.07641623914241791,"z":0.0089991120621562,"w":-0.9898377060890198},"size":2.248861074447632,"orthographic":false}