{"cameraMode":{"drawMode":0,"name":"Shaded","section":"Shading Mode"},"sceneLighting":true,"audioPlay":false,"sceneViewState":{"showFog":false,"showMaterialUpdate":false,"showSkybox":true,"showFlares":false,"showImageEffects":false,"showParticleSystems":false},"in2DMode":false,"pivot":{"x":2.5335185527801515,"y":5.670673370361328,"z":-9.401507377624512},"rotation":{"x":-0.21163305640220643,"y":-0.02544713392853737,"z":0.005760106723755598,"w":-0.9770770072937012},"size":7.1516618728637699,"orthographic":false}