{"cameraMode":{"drawMode":0,"name":"Shaded","section":"Shading Mode"},"sceneLighting":true,"audioPlay":false,"sceneViewState":{"showFog":false,"showMaterialUpdate":false,"showSkybox":true,"showFlares":false,"showImageEffects":false,"showParticleSystems":false},"in2DMode":false,"pivot":{"x":3.4281554222106935,"y":1.6164665222167969,"z":-11.017058372497559},"rotation":{"x":0.20427930355072022,"y":-0.03269745782017708,"z":0.006399796810001135,"w":0.9784473776817322},"size":5.707395553588867,"orthographic":false}