{"cameraMode":{"drawMode":0,"name":"Shaded","section":"Shading Mode"},"sceneLighting":true,"audioPlay":false,"sceneViewState":{"showFog":false,"showMaterialUpdate":false,"showSkybox":true,"showFlares":false,"showImageEffects":false,"showParticleSystems":false},"in2DMode":false,"pivot":{"x":-3.514937162399292,"y":-6.368162155151367,"z":-1.84788179397583},"rotation":{"x":0.28999054431915285,"y":-0.029141979292035104,"z":0.008372689597308636,"w":0.9566741585731506},"size":12.66872787475586,"orthographic":false}