{"cameraMode":{"drawMode":0,"name":"Shaded","section":"Shading Mode"},"sceneLighting":false,"audioPlay":false,"sceneViewState":{"showFog":false,"showMaterialUpdate":false,"showSkybox":false,"showFlares":false,"showImageEffects":false,"showParticleSystems":false},"in2DMode":false,"pivot":{"x":-0.04433643817901611,"y":0.01499176025390625,"z":-0.12558603286743165},"rotation":{"x":0.19555845856666566,"y":0.004014891572296619,"z":-0.0012498961295932532,"w":0.980804979801178},"size":3.5192394256591799,"orthographic":false}