{"cameraMode":{"drawMode":0,"name":"Shaded","section":"Shading Mode"},"sceneLighting":true,"audioPlay":false,"sceneViewState":{"showFog":false,"showMaterialUpdate":false,"showSkybox":true,"showFlares":false,"showImageEffects":false,"showParticleSystems":false},"in2DMode":false,"pivot":{"x":-3.3262789249420168,"y":2.9782934188842775,"z":-24.001689910888673},"rotation":{"x":0.167515829205513,"y":-0.016656238585710527,"z":0.0023777310270816089,"w":0.9858289957046509},"size":6.0073957443237309,"orthographic":false}