{"cameraMode":{"drawMode":0,"name":"Shaded","section":"Shading Mode"},"sceneLighting":false,"audioPlay":false,"sceneViewState":{"showFog":false,"showMaterialUpdate":false,"showSkybox":false,"showFlares":false,"showImageEffects":false,"showParticleSystems":false},"in2DMode":false,"pivot":{"x":0.3038759231567383,"y":0.4839426875114441,"z":-0.0019442439079284669},"rotation":{"x":0.19555845856666566,"y":0.004014891572296619,"z":-0.0012498961295932532,"w":0.980804979801178},"size":0.27144116163253786,"orthographic":false}