{"cameraMode":{"drawMode":0,"name":"Shaded","section":"Shading Mode"},"sceneLighting":true,"audioPlay":false,"sceneViewState":{"showFog":false,"showMaterialUpdate":false,"showSkybox":true,"showFlares":false,"showImageEffects":false,"showParticleSystems":false},"in2DMode":false,"pivot":{"x":-43.19927978515625,"y":-5.636238098144531,"z":-16.530071258544923},"rotation":{"x":0.311562716960907,"y":-0.007596645504236221,"z":0.0019257449312135578,"w":0.9503058195114136},"size":23.94793128967285,"orthographic":false}