{"cameraMode":{"drawMode":0,"name":"Shaded","section":"Shading Mode"},"sceneLighting":false,"audioPlay":false,"sceneViewState":{"showFog":false,"showMaterialUpdate":false,"showSkybox":false,"showFlares":false,"showImageEffects":false,"showParticleSystems":false},"in2DMode":false,"pivot":{"x":0.0,"y":0.9456955194473267,"z":0.0053879618644714359},"rotation":{"x":-0.21163305640220643,"y":-0.02544713392853737,"z":0.005760106723755598,"w":-0.9770770072937012},"size":2.9093117713928224,"orthographic":false}