{"cameraMode":{"drawMode":0,"name":"Shaded","section":"Shading Mode"},"sceneLighting":true,"audioPlay":false,"sceneViewState":{"showFog":false,"showMaterialUpdate":false,"showSkybox":true,"showFlares":false,"showImageEffects":false,"showParticleSystems":false},"in2DMode":false,"pivot":{"x":4.96300745010376,"y":1.0555052757263184,"z":-10.820465087890625},"rotation":{"x":-0.32862696051597597,"y":-0.00011511689081089571,"z":0.0005029239691793919,"w":-0.9445899724960327},"size":3.622812032699585,"orthographic":false}