{"cameraMode":{"drawMode":0,"name":"Shaded","section":"Shading Mode"},"sceneLighting":true,"audioPlay":false,"sceneViewState":{"showFog":false,"showMaterialUpdate":false,"showSkybox":true,"showFlares":false,"showImageEffects":false,"showParticleSystems":false},"in2DMode":false,"pivot":{"x":-2.956078290939331,"y":-9.81690502166748,"z":1.3507022857666016},"rotation":{"x":-0.32862696051597597,"y":-0.00011511689081089571,"z":0.0005029239691793919,"w":-0.9445899724960327},"size":18.082237243652345,"orthographic":false}