{"cameraMode":{"drawMode":0,"name":"Shaded","section":"Shading Mode"},"sceneLighting":true,"audioPlay":false,"sceneViewState":{"showFog":false,"showMaterialUpdate":false,"showSkybox":true,"showFlares":false,"showImageEffects":false,"showParticleSystems":false},"in2DMode":false,"pivot":{"x":4.51460599899292,"y":1.7503414154052735,"z":-9.406747817993164},"rotation":{"x":0.36264657974243166,"y":-0.11045617610216141,"z":0.04304945468902588,"w":0.9244416952133179},"size":7.177938461303711,"orthographic":false}