{"cameraMode":{"drawMode":0,"name":"Shaded","section":"Shading Mode"},"sceneLighting":true,"audioPlay":false,"sceneViewState":{"showFog":false,"showMaterialUpdate":false,"showSkybox":true,"showFlares":false,"showImageEffects":false,"showParticleSystems":false},"in2DMode":false,"pivot":{"x":47.080318450927737,"y":-11.438020706176758,"z":92.76936340332031},"rotation":{"x":0.1502884328365326,"y":-0.4354722201824188,"z":0.07399431616067887,"w":0.8844882845878601},"size":21.318273544311525,"orthographic":false}