{"cameraMode":{"drawMode":0,"name":"Shaded","section":"Shading Mode"},"sceneLighting":true,"audioPlay":false,"sceneViewState":{"showFog":false,"showMaterialUpdate":false,"showSkybox":true,"showFlares":false,"showImageEffects":false,"showParticleSystems":false},"in2DMode":false,"pivot":{"x":-3.5603060722351076,"y":1.019688367843628,"z":-8.11393928527832},"rotation":{"x":-0.32862696051597597,"y":-0.00011511689081089571,"z":0.0005029239691793919,"w":-0.9445899724960327},"size":3.6670289039611818,"orthographic":false}