{"cameraMode":{"drawMode":0,"name":"Shaded","section":"Shading Mode"},"sceneLighting":true,"audioPlay":false,"sceneViewState":{"showFog":false,"showMaterialUpdate":false,"showSkybox":true,"showFlares":false,"showImageEffects":false,"showParticleSystems":false},"in2DMode":false,"pivot":{"x":0.0013494491577148438,"y":-1.9953069686889649,"z":0.010021209716796875},"rotation":{"x":-0.21163305640220643,"y":-0.02544713392853737,"z":0.005760106723755598,"w":-0.9770770072937012},"size":10.0,"orthographic":false}