{"cameraMode":{"drawMode":0,"name":"Shaded","section":"Shading Mode"},"sceneLighting":true,"audioPlay":false,"sceneViewState":{"showFog":false,"showMaterialUpdate":false,"showSkybox":true,"showFlares":false,"showImageEffects":false,"showParticleSystems":false},"in2DMode":false,"pivot":{"x":-1.0825039148330689,"y":0.07330083847045899,"z":-8.98531723022461},"rotation":{"x":-0.18376342952251435,"y":-0.018232988193631173,"z":0.0031933020800352098,"w":-0.9829911589622498},"size":9.819219589233399,"orthographic":false}