{"cameraMode":{"drawMode":0,"name":"Shaded","section":"Shading Mode"},"sceneLighting":false,"audioPlay":false,"sceneViewState":{"showFog":false,"showMaterialUpdate":false,"showSkybox":false,"showFlares":false,"showImageEffects":false,"showParticleSystems":false},"in2DMode":false,"pivot":{"x":-7.949496746063232,"y":-0.5353096723556519,"z":-13.943093299865723},"rotation":{"x":-0.22240404784679414,"y":0.14363248646259309,"z":-0.0334867425262928,"w":-0.9639358520507813},"size":2.2386579513549806,"orthographic":false}