{"cameraMode":{"drawMode":0,"name":"Shaded","section":"Shading Mode"},"sceneLighting":true,"audioPlay":false,"sceneViewState":{"showFog":false,"showMaterialUpdate":false,"showSkybox":true,"showFlares":false,"showImageEffects":false,"showParticleSystems":false},"in2DMode":false,"pivot":{"x":4.09035062789917,"y":1.9996380805969239,"z":-6.23682975769043},"rotation":{"x":-0.16752834618091584,"y":0.0024158514570444824,"z":-0.00016519383643753827,"w":-0.9859388470649719},"size":6.5698747634887699,"orthographic":false}