{"cameraMode":{"drawMode":0,"name":"Shaded","section":"Shading Mode"},"sceneLighting":true,"audioPlay":false,"sceneViewState":{"showFog":false,"showMaterialUpdate":false,"showSkybox":true,"showFlares":false,"showImageEffects":false,"showParticleSystems":false},"in2DMode":false,"pivot":{"x":-0.25040334463119509,"y":0.8372018933296204,"z":-7.259914875030518},"rotation":{"x":0.31441155076026919,"y":-0.0032600518316030504,"z":0.0007139537483453751,"w":0.9493708610534668},"size":7.177938461303711,"orthographic":false}