{"cameraMode":{"drawMode":0,"name":"Shaded","section":"Shading Mode"},"sceneLighting":false,"audioPlay":false,"sceneViewState":{"showFog":false,"showMaterialUpdate":false,"showSkybox":false,"showFlares":false,"showImageEffects":false,"showParticleSystems":false},"in2DMode":false,"pivot":{"x":-4.389999866485596,"y":-0.3053881525993347,"z":-19.989999771118165},"rotation":{"x":-0.20566022396087647,"y":-0.04456894099712372,"z":0.009159146808087826,"w":-0.9777618646621704},"size":1.452850580215454,"orthographic":false}